binary	scenario	network	path_profile	metric	capacity_index	curve_efficiency	client_count_efficiency	score	selected_threads	combined_p50
lsperf	connect	iouring	loopback	connections_per_second	0.866955	0.739357	0.357143	75.858368	14	8218.529108
mvfstperf	connect	iouring	loopback	connections_per_second	0.085921	0.796987	0.714286	35.794209	7	814.508460
neqoperf	connect	iouring	loopback	connections_per_second	0.078077	0.811301	1.000000	39.967124	5	740.149649
ngtcp2perf	connect	iouring	loopback	connections_per_second	1.000000	0.721110	0.333333	83.027746	15	9479.765286
noqperf	connect	iouring	loopback	connections_per_second	0.694833	0.758721	0.357143	66.015156	14	6586.856038
picoperf	connect	iouring	loopback	connections_per_second	0.522884	0.737145	0.333333	54.801644	15	4956.814811
quicheperf	connect	iouring	loopback	connections_per_second	0.627238	0.708489	0.416667	61.596527	12	5946.071760
quiczigperf	connect	iouring	loopback	connections_per_second	0.416215	0.782344	0.384615	50.300750	13	3945.621942
quinnperf	connect	iouring	loopback	connections_per_second	0.746182	0.733185	0.416667	69.350544	12	7073.630181
s2nperf	connect	iouring	loopback	connections_per_second	0.653566	0.734505	0.333333	62.576571	15	6195.650051
tquicperf	connect	iouring	loopback	connections_per_second	0.704058	0.702424	0.500000	67.304098	10	6674.308505
xquicperf	connect	iouring	loopback	connections_per_second	0.908263	0.728395	0.312500	77.393180	16	8610.124587
lsperf	connect	syscall	loopback	connections_per_second	0.912418	0.723769	1.000000	87.839310	4	3379.018615
mvfstperf	connect	syscall	loopback	connections_per_second	0.230941	0.761295	0.500000	40.388831	8	855.259146
neqoperf	connect	syscall	loopback	connections_per_second	0.220432	0.760592	0.666667	42.240733	6	816.341077
ngtcp2perf	connect	syscall	loopback	connections_per_second	0.810074	0.785843	0.571429	76.821967	7	3000.001180
noqperf	connect	syscall	loopback	connections_per_second	0.829880	0.791482	0.666667	79.579854	6	3073.349770
picoperf	connect	syscall	loopback	connections_per_second	0.590282	0.798257	0.571429	63.944775	7	2186.029936
quicheperf	connect	syscall	loopback	connections_per_second	0.659261	0.784328	0.571429	67.735260	7	2441.483215
quiczigperf	connect	syscall	loopback	connections_per_second	0.578777	0.818790	0.800000	67.196390	5	2143.424417
quinnperf	connect	syscall	loopback	connections_per_second	0.803871	0.773092	1.000000	82.559547	4	2977.028027
s2nperf	connect	syscall	loopback	connections_per_second	0.779454	0.774561	0.571429	74.702703	7	2886.603950
tquicperf	connect	syscall	loopback	connections_per_second	0.714711	0.791586	0.571429	71.243770	7	2646.837820
xquicperf	connect	syscall	loopback	connections_per_second	1.000000	0.732234	0.571429	86.877268	7	3703.365929
lsperf	download	iouring	loopback	throughput_gbps	0.693618	1.000000	1.000000	81.617055	1	11.384127
mvfstperf	download	iouring	loopback	throughput_gbps	0.402895	1.000000	1.000000	64.173719	1	6.612594
neqoperf	download	iouring	loopback	throughput_gbps	0.255449	1.000000	1.000000	55.326944	1	4.192605
ngtcp2perf	download	iouring	loopback	throughput_gbps	1.000000	0.961183	0.500000	91.529565	2	16.412685
noqperf	download	iouring	loopback	throughput_gbps	0.314957	0.829616	0.500000	47.137809	2	5.169284
picoperf	download	iouring	loopback	throughput_gbps	0.320537	1.000000	1.000000	59.232191	1	5.260865
quicheperf	download	iouring	loopback	throughput_gbps	0.457171	0.983361	0.500000	59.514287	2	7.503405
quiczigperf	download	iouring	loopback	throughput_gbps	0.564666	1.000000	1.000000	73.879985	1	9.267692
quinnperf	download	iouring	loopback	throughput_gbps	0.397816	0.803614	0.500000	51.459308	2	6.529227
s2nperf	download	iouring	loopback	throughput_gbps	0.336538	0.888047	0.200000	45.393452	5	5.523494
tquicperf	download	iouring	loopback	throughput_gbps	0.399166	0.976633	0.333333	53.365792	3	6.551388
lsperf	download	syscall	loopback	throughput_gbps	0.712176	1.000000	1.000000	82.730579	1	11.539974
mvfstperf	download	syscall	loopback	throughput_gbps	0.396029	1.000000	1.000000	63.761710	1	6.417173
neqoperf	download	syscall	loopback	throughput_gbps	0.253752	1.000000	1.000000	55.225132	1	4.111754
ngtcp2perf	download	syscall	loopback	throughput_gbps	1.000000	0.943069	0.500000	91.076713	2	16.203816
noqperf	download	syscall	loopback	throughput_gbps	0.292198	0.809279	0.500000	45.263885	2	4.734730
picoperf	download	syscall	loopback	throughput_gbps	0.508418	1.000000	1.000000	70.505103	1	8.238318
quicheperf	download	syscall	loopback	throughput_gbps	0.578589	1.000000	1.000000	74.715367	1	9.375357
quiczigperf	download	syscall	loopback	throughput_gbps	0.582106	1.000000	1.000000	74.926365	1	9.432340
quinnperf	download	syscall	loopback	throughput_gbps	0.384119	0.777909	0.500000	49.994871	2	6.224194
s2nperf	download	syscall	loopback	throughput_gbps	0.340562	0.939038	0.250000	47.659704	4	5.518411
tquicperf	download	syscall	loopback	throughput_gbps	0.446920	0.986304	0.500000	58.972788	2	7.241804
lsperf	upload	iouring	loopback	throughput_gbps	0.827618	0.823460	0.200000	73.243598	5	20.865465
mvfstperf	upload	iouring	loopback	throughput_gbps	0.262940	0.771593	0.071429	36.137640	14	6.629098
neqoperf	upload	iouring	loopback	throughput_gbps	0.160662	1.000000	1.000000	49.639726	1	4.050526
ngtcp2perf	upload	iouring	loopback	throughput_gbps	1.000000	0.868103	0.250000	85.452567	4	25.211460
noqperf	upload	iouring	loopback	throughput_gbps	0.138203	1.000000	1.000000	48.292181	1	3.484300
picoperf	upload	iouring	loopback	throughput_gbps	0.461089	0.852844	0.166667	51.486436	6	11.624727
quicheperf	upload	iouring	loopback	throughput_gbps	0.518818	0.834889	0.250000	55.751288	4	13.080156
quiczigperf	upload	iouring	loopback	throughput_gbps	0.353656	1.000000	1.000000	61.219362	1	8.916185
quinnperf	upload	iouring	loopback	throughput_gbps	0.161703	1.000000	1.000000	49.702181	1	4.076769
s2nperf	upload	iouring	loopback	throughput_gbps	0.217657	0.927982	0.333333	41.258956	3	5.487446
tquicperf	upload	iouring	loopback	throughput_gbps	0.402628	0.870733	0.250000	49.676014	4	10.150848
xquicperf	upload	iouring	loopback	throughput_gbps	0.069776	1.000000	1.000000	44.186589	1	1.759167
lsperf	upload	syscall	loopback	throughput_gbps	0.774453	0.866025	0.200000	71.117782	5	21.386767
mvfstperf	upload	syscall	loopback	throughput_gbps	0.250386	0.782156	0.071429	35.648513	14	6.914500
neqoperf	upload	syscall	loopback	throughput_gbps	0.150053	1.000000	1.000000	49.003157	1	4.143752
ngtcp2perf	upload	syscall	loopback	throughput_gbps	1.000000	0.757284	0.500000	86.432098	2	27.615327
noqperf	upload	syscall	loopback	throughput_gbps	0.108370	1.000000	1.000000	46.502226	1	2.992685
picoperf	upload	syscall	loopback	throughput_gbps	0.404917	0.812696	0.500000	52.112437	2	11.181927
quicheperf	upload	syscall	loopback	throughput_gbps	0.506110	0.898049	0.166667	55.317834	6	13.976394
quiczigperf	upload	syscall	loopback	throughput_gbps	0.352390	1.000000	1.000000	61.143378	1	9.731355
quinnperf	upload	syscall	loopback	throughput_gbps	0.124280	1.000000	1.000000	47.456829	1	3.432046
s2nperf	upload	syscall	loopback	throughput_gbps	0.220152	0.915355	0.333333	41.092995	3	6.079570
tquicperf	upload	syscall	loopback	throughput_gbps	0.386352	0.886823	0.250000	49.101717	4	10.669241
xquicperf	upload	syscall	loopback	throughput_gbps	0.114014	0.945182	0.333333	35.470375	3	3.148530
