binary	scenario	network	path_profile	tier	publication_eligible	adapter_features	congestion_controller	publication_status	metric	selected_threads	best_threads	boundary_threads	discovery_p50	confirm_p50	combined_p50	combined_p50_ci95_low	combined_p50_ci95_high	combined_p50_ci95_relative_width	p90	p99	p99_status	selection_probability_within_tolerance	selected_vs_best_ratio	edge_status	reason
lsperf	connect	iouring	loopback	publication	1	cc=cubic|pacing=on|spin=on|ql_bits=2|ecn=off|pmtud=off|send_batch=50|udp_gso=common_cpp|udp_gro=on	cubic	converged	connections_per_second	14	14	14	8218.529108		8218.529108	8094.761246	8256.898540	0.019728	7890.176525	7599.472859	insufficient_order_stat_support	1.000000	1.000000	ok	incremental_improvement_0.12pct_le_1.00pct
lsperf	connect	syscall	loopback	publication	1	cc=cubic|pacing=on|spin=on|ql_bits=2|ecn=off|pmtud=off|send_batch=50|udp_gso=common_cpp|udp_gro=on	cubic	converged	connections_per_second	4	4	5	3379.018615		3379.018615	3260.582152	3401.159120	0.041603	2875.565495	2725.462470	insufficient_order_stat_support	1.000000	1.000000	ok	incremental_improvement_-2.64pct_le_1.00pct
lsperf	download	iouring	loopback	publication	1	cc=cubic|pacing=on|spin=on|ql_bits=2|ecn=off|pmtud=off|send_batch=50|udp_gso=common_cpp|udp_gro=on	cubic	converged	throughput_gbps	1	1	2	11.384127		11.384127	11.369201	11.465889	0.008493	10.663666	10.591580	insufficient_order_stat_support	1.000000	1.000000	ok	incremental_improvement_-62.23pct_le_1.00pct
lsperf	download	syscall	loopback	publication	1	cc=cubic|pacing=on|spin=on|ql_bits=2|ecn=off|pmtud=off|send_batch=50|udp_gso=common_cpp|udp_gro=on	cubic	converged	throughput_gbps	1	1	2	11.539974		11.539974	11.374980	11.558362	0.015891	10.831921	10.645526	insufficient_order_stat_support	1.000000	1.000000	ok	incremental_improvement_-56.13pct_le_1.00pct
lsperf	upload	iouring	loopback	publication	1	cc=cubic|pacing=on|spin=on|ql_bits=2|ecn=off|pmtud=off|send_batch=50|udp_gso=common_cpp|udp_gro=on	cubic	converged	throughput_gbps	5	5	6	20.865465		20.865465	20.834642	20.865465	0.001477	19.408893	19.004749	insufficient_order_stat_support	1.000000	1.000000	ok	incremental_improvement_-1.80pct_le_1.00pct
lsperf	upload	syscall	loopback	publication	1	cc=cubic|pacing=on|spin=on|ql_bits=2|ecn=off|pmtud=off|send_batch=50|udp_gso=common_cpp|udp_gro=on	cubic	converged	throughput_gbps	5	5	5	21.386767		21.386767	21.160042	21.500024	0.015897	19.808494	19.349282	insufficient_order_stat_support	1.000000	1.000000	ok	incremental_improvement_0.35pct_le_1.00pct
mvfstperf	connect	iouring	loopback	publication	1	cc=cubic|cpp_networkhub=on|socket=quic_async_udp_adapter|folly_eventbase=manual|udp_gso=common_cpp|udp_gro=on|runtime=none|pmtud=off|pacing=on	cubic	converged	connections_per_second	7	7	7	814.508460		814.508460	797.472132	841.153720	0.053629	759.622686	710.226065	insufficient_order_stat_support	1.000000	1.000000	ok	incremental_improvement_0.65pct_le_1.00pct
mvfstperf	connect	syscall	loopback	publication	1	cc=cubic|cpp_networkhub=on|socket=quic_async_udp_adapter|folly_eventbase=manual|udp_gso=common_cpp|udp_gro=on|runtime=none|pmtud=off|pacing=on	cubic	converged	connections_per_second	8	8	9	855.259146		855.259146	851.145686	866.076984	0.017458	736.930228	619.061630	insufficient_order_stat_support	1.000000	1.000000	ok	incremental_improvement_-0.38pct_le_1.00pct
mvfstperf	download	iouring	loopback	publication	1	cc=cubic|cpp_networkhub=on|socket=quic_async_udp_adapter|folly_eventbase=manual|udp_gso=common_cpp|udp_gro=on|runtime=none|pmtud=off|pacing=on	cubic	converged	throughput_gbps	1	1	2	6.612594		6.612594	6.560389	6.633826	0.011105	6.459460	6.109355	insufficient_order_stat_support	1.000000	1.000000	ok	incremental_improvement_-5.34pct_le_1.00pct
mvfstperf	download	syscall	loopback	publication	1	cc=cubic|cpp_networkhub=on|socket=quic_async_udp_adapter|folly_eventbase=manual|udp_gso=common_cpp|udp_gro=on|runtime=none|pmtud=off|pacing=on	cubic	converged	throughput_gbps	1	1	2	6.417173		6.417173	6.386145	6.680862	0.045926	6.078330	5.960343	insufficient_order_stat_support	1.000000	1.000000	ok	incremental_improvement_-2.83pct_le_1.00pct
mvfstperf	upload	iouring	loopback	publication	1	cc=cubic|cpp_networkhub=on|socket=quic_async_udp_adapter|folly_eventbase=manual|udp_gso=common_cpp|udp_gro=on|runtime=none|pmtud=off|pacing=on	cubic	converged	throughput_gbps	14	14	15	6.629098		6.629098	6.548393	6.665012	0.017592	6.431287	6.289563	insufficient_order_stat_support	1.000000	1.000000	ok	incremental_improvement_-8.67pct_le_1.00pct
mvfstperf	upload	syscall	loopback	publication	1	cc=cubic|cpp_networkhub=on|socket=quic_async_udp_adapter|folly_eventbase=manual|udp_gso=common_cpp|udp_gro=on|runtime=none|pmtud=off|pacing=on	cubic	converged	throughput_gbps	14	14	15	6.914500		6.914500	6.911007	6.929271	0.002641	6.865049	6.831928	insufficient_order_stat_support	1.000000	1.000000	ok	incremental_improvement_-1.14pct_le_1.00pct
neqoperf	connect	iouring	loopback	publication	1	cc=cubic|sans_io=neqo-transport|cpp_networkhub=on|runtime=none|tls_verify=config_chain_preflight|udp_gso=common_cpp|udp_gro=on	cubic	converged	connections_per_second	5	5	6	740.149649		740.149649	715.657990	761.781732	0.062317	679.671992	648.905027	insufficient_order_stat_support	1.000000	1.000000	ok	incremental_improvement_-0.10pct_le_1.00pct
neqoperf	connect	syscall	loopback	publication	1	cc=cubic|sans_io=neqo-transport|cpp_networkhub=on|runtime=none|tls_verify=config_chain_preflight|udp_gso=common_cpp|udp_gro=on	cubic	converged	connections_per_second	6	6	7	816.341077		816.341077	809.271903	843.673378	0.042141	720.066216	687.039256	insufficient_order_stat_support	1.000000	1.000000	ok	incremental_improvement_-5.77pct_le_1.00pct
neqoperf	download	iouring	loopback	publication	1	cc=cubic|sans_io=neqo-transport|cpp_networkhub=on|runtime=none|tls_verify=config_chain_preflight|udp_gso=common_cpp|udp_gro=on	cubic	converged	throughput_gbps	1	1	2	4.192605		4.192605	4.173158	4.196862	0.005654	3.894561	2.346415	insufficient_order_stat_support	1.000000	1.000000	ok	incremental_improvement_-12.87pct_le_1.00pct
neqoperf	download	syscall	loopback	publication	1	cc=cubic|sans_io=neqo-transport|cpp_networkhub=on|runtime=none|tls_verify=config_chain_preflight|udp_gso=common_cpp|udp_gro=on	cubic	converged	throughput_gbps	1	1	2	4.111754		4.111754	4.111754	4.125816	0.003420	3.876253	2.577806	insufficient_order_stat_support	1.000000	1.000000	ok	incremental_improvement_-9.83pct_le_1.00pct
neqoperf	upload	iouring	loopback	publication	1	cc=cubic|sans_io=neqo-transport|cpp_networkhub=on|runtime=none|tls_verify=config_chain_preflight|udp_gso=common_cpp|udp_gro=on	cubic	converged	throughput_gbps	1	1	2	4.050526		4.050526	3.975053	4.230031	0.062949	3.395651	2.649423	insufficient_order_stat_support	1.000000	1.000000	ok	incremental_improvement_-37.20pct_le_1.00pct
neqoperf	upload	syscall	loopback	publication	1	cc=cubic|sans_io=neqo-transport|cpp_networkhub=on|runtime=none|tls_verify=config_chain_preflight|udp_gso=common_cpp|udp_gro=on	cubic	converged	throughput_gbps	1	1	2	4.143752		4.143752	4.090013	4.191155	0.024408	3.993615	3.604218	insufficient_order_stat_support	1.000000	1.000000	ok	incremental_improvement_-40.04pct_le_1.00pct
ngtcp2perf	connect	iouring	loopback	publication	1	cc=cubic|udp_payload_shaping=off|pmtud=off|max_tx_payload=1452|udp_gso=common_cpp|udp_gro=on	cubic	converged	connections_per_second	15	15	15	9479.765286		9479.765286	9289.454626	9536.164725	0.026025	8355.422655	8047.792413	insufficient_order_stat_support	1.000000	1.000000	ok	incremental_improvement_0.69pct_le_1.00pct
ngtcp2perf	connect	syscall	loopback	publication	1	cc=cubic|udp_payload_shaping=off|pmtud=off|max_tx_payload=1452|udp_gso=common_cpp|udp_gro=on	cubic	converged	connections_per_second	7	7	8	3000.001180		3000.001180	2984.756228	3001.857418	0.005700	2782.564493	2706.977907	insufficient_order_stat_support	1.000000	1.000000	ok	incremental_improvement_-0.66pct_le_1.00pct
ngtcp2perf	download	iouring	loopback	publication	1	cc=cubic|udp_payload_shaping=off|pmtud=off|max_tx_payload=1452|udp_gso=common_cpp|udp_gro=on	cubic	converged	throughput_gbps	2	2	3	16.412685		16.412685	16.345206	16.412685	0.004111	15.129402	14.960803	insufficient_order_stat_support	1.000000	1.000000	ok	incremental_improvement_-3.07pct_le_1.00pct
ngtcp2perf	download	syscall	loopback	publication	1	cc=cubic|udp_payload_shaping=off|pmtud=off|max_tx_payload=1452|udp_gso=common_cpp|udp_gro=on	cubic	converged	throughput_gbps	2	2	3	16.203816		16.203816	15.824459	16.323584	0.030803	14.610133	14.205147	insufficient_order_stat_support	1.000000	1.000000	ok	incremental_improvement_-3.70pct_le_1.00pct
ngtcp2perf	upload	iouring	loopback	publication	1	cc=cubic|udp_payload_shaping=off|pmtud=off|max_tx_payload=1452|udp_gso=common_cpp|udp_gro=on	cubic	converged	throughput_gbps	4	4	5	25.211460		25.211460	24.236582	27.057035	0.111872	24.166114	23.631631	insufficient_order_stat_support	1.000000	1.000000	ok	incremental_improvement_-3.08pct_le_1.00pct
ngtcp2perf	upload	syscall	loopback	publication	1	cc=cubic|udp_payload_shaping=off|pmtud=off|max_tx_payload=1452|udp_gso=common_cpp|udp_gro=on	cubic	converged	throughput_gbps	2	2	3	27.615327		27.615327	25.656084	28.541671	0.104492	24.782666	24.694528	insufficient_order_stat_support	1.000000	1.000000	ok	incremental_improvement_-1.19pct_le_1.00pct
noqperf	connect	iouring	loopback	publication	1	cc=cubic|sans_io=noq-proto|cpp_networkhub=on|udp_gso=common_cpp|udp_gro=on|runtime=none	cubic	converged	connections_per_second	14	14	15	6586.856038		6586.856038	6551.299198	6605.692789	0.008258	6325.067300	6191.638680	insufficient_order_stat_support	1.000000	1.000000	ok	incremental_improvement_-1.32pct_le_1.00pct
noqperf	connect	syscall	loopback	publication	1	cc=cubic|sans_io=noq-proto|cpp_networkhub=on|udp_gso=common_cpp|udp_gro=on|runtime=none	cubic	converged	connections_per_second	6	6	7	3073.349770		3073.349770	3054.413549	3091.614457	0.012104	2922.181420	2805.422102	insufficient_order_stat_support	1.000000	1.000000	ok	incremental_improvement_-0.97pct_le_1.00pct
noqperf	download	iouring	loopback	publication	1	cc=cubic|sans_io=noq-proto|cpp_networkhub=on|udp_gso=common_cpp|udp_gro=on|runtime=none	cubic	converged	throughput_gbps	2	2	3	5.169284		5.169284	4.762139	5.214581	0.087525	4.681926	4.567430	insufficient_order_stat_support	1.000000	1.000000	ok	incremental_improvement_-11.17pct_le_1.00pct
noqperf	download	syscall	loopback	publication	1	cc=cubic|sans_io=noq-proto|cpp_networkhub=on|udp_gso=common_cpp|udp_gro=on|runtime=none	cubic	converged	throughput_gbps	2	2	3	4.734730		4.734730	4.720790	4.740537	0.004171	4.535702	3.729908	insufficient_order_stat_support	1.000000	1.000000	ok	incremental_improvement_-0.93pct_le_1.00pct
noqperf	upload	iouring	loopback	publication	1	cc=cubic|sans_io=noq-proto|cpp_networkhub=on|udp_gso=common_cpp|udp_gro=on|runtime=none	cubic	converged	throughput_gbps	1	1	2	3.484300		3.484300	3.458774	3.517324	0.016804	3.411494	3.219670	insufficient_order_stat_support	1.000000	1.000000	ok	incremental_improvement_-13.74pct_le_1.00pct
noqperf	upload	syscall	loopback	publication	1	cc=cubic|sans_io=noq-proto|cpp_networkhub=on|udp_gso=common_cpp|udp_gro=on|runtime=none	cubic	converged	throughput_gbps	1	1	2	2.992685		2.992685	2.987998	3.001648	0.004561	2.956396	2.921365	insufficient_order_stat_support	1.000000	1.000000	ok	incremental_improvement_-11.96pct_le_1.00pct
picoperf	connect	iouring	loopback	publication	1	cc=cubic|pmtud=off|packet_train=off|bdp_frame=on|bdp_seed=off|seed_now=off|udp_gso=common_cpp_after_impairment|udp_gro=on|mtu=1452|null_verifier=ed25519_sigalgs	cubic	converged	connections_per_second	15	15	16	4956.814811		4956.814811	4814.784565	5071.408569	0.051772	4555.625129	3875.661909	insufficient_order_stat_support	1.000000	1.000000	ok	incremental_improvement_-2.99pct_le_1.00pct
picoperf	connect	syscall	loopback	publication	1	cc=cubic|pmtud=off|packet_train=off|bdp_frame=on|bdp_seed=off|seed_now=off|udp_gso=common_cpp_after_impairment|udp_gro=on|mtu=1452|null_verifier=ed25519_sigalgs	cubic	converged	connections_per_second	7	7	8	2186.029936		2186.029936	2177.969503	2196.428205	0.008444	2095.979889	2006.373239	insufficient_order_stat_support	1.000000	1.000000	ok	incremental_improvement_-1.71pct_le_1.00pct
picoperf	download	iouring	loopback	publication	1	cc=cubic|pmtud=off|packet_train=off|bdp_frame=on|bdp_seed=off|seed_now=off|udp_gso=common_cpp_after_impairment|udp_gro=on|mtu=1452|null_verifier=ed25519_sigalgs	cubic	converged	throughput_gbps	1	1	2	5.260865		5.260865	5.199374	5.426458	0.043165	4.389003	3.466028	insufficient_order_stat_support	1.000000	1.000000	ok	incremental_improvement_-34.78pct_le_1.00pct
picoperf	download	syscall	loopback	publication	1	cc=cubic|pmtud=off|packet_train=off|bdp_frame=on|bdp_seed=off|seed_now=off|udp_gso=common_cpp_after_impairment|udp_gro=on|mtu=1452|null_verifier=ed25519_sigalgs	cubic	converged	throughput_gbps	1	1	2	8.238318		8.238318	8.109997	8.888910	0.094547	7.606813	7.369132	insufficient_order_stat_support	1.000000	1.000000	ok	incremental_improvement_-53.24pct_le_1.00pct
picoperf	upload	iouring	loopback	publication	1	cc=cubic|pmtud=off|packet_train=off|bdp_frame=on|bdp_seed=off|seed_now=off|udp_gso=common_cpp_after_impairment|udp_gro=on|mtu=1452|null_verifier=ed25519_sigalgs	cubic	converged	throughput_gbps	6	6	7	11.624727		11.624727	11.624727	11.646692	0.001889	11.277293	11.235914	insufficient_order_stat_support	1.000000	1.000000	ok	incremental_improvement_-3.45pct_le_1.00pct
picoperf	upload	syscall	loopback	publication	1	cc=cubic|pmtud=off|packet_train=off|bdp_frame=on|bdp_seed=off|seed_now=off|udp_gso=common_cpp_after_impairment|udp_gro=on|mtu=1452|null_verifier=ed25519_sigalgs	cubic	converged	throughput_gbps	2	2	3	11.181927		11.181927	11.027285	11.428622	0.035892	6.399317	5.151883	insufficient_order_stat_support	1.000000	1.000000	ok	incremental_improvement_-19.62pct_le_1.00pct
quicheperf	connect	iouring	loopback	publication	1	cc=cubic|migration=off|pmtud=off|max_windows=profile|udp_gso=common_cpp|udp_gro=on	cubic	converged	connections_per_second	12	12	13	5946.071760		5946.071760	5874.043808	6019.896433	0.024529	5642.869907	5375.063355	insufficient_order_stat_support	1.000000	1.000000	ok	incremental_improvement_-1.39pct_le_1.00pct
quicheperf	connect	syscall	loopback	publication	1	cc=cubic|migration=off|pmtud=off|max_windows=profile|udp_gso=common_cpp|udp_gro=on	cubic	converged	connections_per_second	7	7	8	2441.483215		2441.483215	2412.912819	2456.886712	0.018011	2369.309373	1939.376746	insufficient_order_stat_support	1.000000	1.000000	ok	incremental_improvement_-2.07pct_le_1.00pct
quicheperf	download	iouring	loopback	publication	1	cc=cubic|migration=off|pmtud=off|max_windows=profile|udp_gso=common_cpp|udp_gro=on	cubic	converged	throughput_gbps	2	2	3	7.503405		7.503405	7.463023	7.599805	0.018229	6.993203	6.714809	insufficient_order_stat_support	1.000000	1.000000	ok	incremental_improvement_-1.05pct_le_1.00pct
quicheperf	download	syscall	loopback	publication	1	cc=cubic|migration=off|pmtud=off|max_windows=profile|udp_gso=common_cpp|udp_gro=on	cubic	converged	throughput_gbps	1	1	2	9.375357		9.375357	9.235473	9.471599	0.025186	8.499136	8.270032	insufficient_order_stat_support	1.000000	1.000000	ok	incremental_improvement_-4.12pct_le_1.00pct
quicheperf	upload	iouring	loopback	publication	1	cc=cubic|migration=off|pmtud=off|max_windows=profile|udp_gso=common_cpp|udp_gro=on	cubic	converged	throughput_gbps	4	4	5	13.080156		13.080156	13.060949	13.964975	0.069114	12.478392	12.259037	insufficient_order_stat_support	1.000000	1.000000	ok	incremental_improvement_-1.53pct_le_1.00pct
quicheperf	upload	syscall	loopback	publication	1	cc=cubic|migration=off|pmtud=off|max_windows=profile|udp_gso=common_cpp|udp_gro=on	cubic	converged	throughput_gbps	6	6	6	13.976394		13.976394	13.932020	14.082600	0.010774	13.766138	13.645309	insufficient_order_stat_support	1.000000	1.000000	ok	incremental_improvement_0.59pct_le_1.00pct
quiczigperf	connect	iouring	loopback	publication	1	cc=cubic|bbr=unsupported|packet_api=quic-zig-connection|cpp_networkhub=on|udp_gso=common_cpp|udp_gro=on|runtime=none|pmtud=off|pacing=library_default|send_backpressure=stream_window|flow_window=profile_request|server_send_rr=on	cubic	converged	connections_per_second	13	13	14	3945.621942		3945.621942	3882.420042	3963.630178	0.020582	3646.307437	3588.725263	insufficient_order_stat_support	1.000000	1.000000	ok	incremental_improvement_-0.35pct_le_1.00pct
quiczigperf	connect	syscall	loopback	publication	1	cc=cubic|bbr=unsupported|packet_api=quic-zig-connection|cpp_networkhub=on|udp_gso=common_cpp|udp_gro=on|runtime=none|pmtud=off|pacing=library_default|send_backpressure=stream_window|flow_window=profile_request|server_send_rr=on	cubic	converged	connections_per_second	5	5	5	2143.424417		2143.424417	2083.907245	2187.883105	0.048509	2035.846411	1926.037377	insufficient_order_stat_support	1.000000	1.000000	ok	incremental_improvement_0.07pct_le_1.00pct
quiczigperf	download	iouring	loopback	publication	1	cc=cubic|bbr=unsupported|packet_api=quic-zig-connection|cpp_networkhub=on|udp_gso=common_cpp|udp_gro=on|runtime=none|pmtud=off|pacing=library_default|send_backpressure=stream_window|flow_window=profile_request|server_send_rr=on	cubic	converged	throughput_gbps	1	1	2	9.267692		9.267692	9.052927	9.716692	0.071621	8.929238	8.814635	insufficient_order_stat_support	1.000000	1.000000	ok	incremental_improvement_-67.22pct_le_1.00pct
quiczigperf	download	syscall	loopback	publication	1	cc=cubic|bbr=unsupported|packet_api=quic-zig-connection|cpp_networkhub=on|udp_gso=common_cpp|udp_gro=on|runtime=none|pmtud=off|pacing=library_default|send_backpressure=stream_window|flow_window=profile_request|server_send_rr=on	cubic	converged	throughput_gbps	1	1	2	9.432340		9.432340	9.319039	10.101835	0.082991	9.037465	8.984847	insufficient_order_stat_support	1.000000	1.000000	ok	incremental_improvement_-45.76pct_le_1.00pct
quiczigperf	upload	iouring	loopback	publication	1	cc=cubic|bbr=unsupported|packet_api=quic-zig-connection|cpp_networkhub=on|udp_gso=common_cpp|udp_gro=on|runtime=none|pmtud=off|pacing=library_default|send_backpressure=stream_window|flow_window=profile_request|server_send_rr=on	cubic	converged	throughput_gbps	1	1	2	8.916185		8.916185	8.662825	8.959957	0.033325	8.303105	8.081539	insufficient_order_stat_support	1.000000	1.000000	ok	incremental_improvement_-23.27pct_le_1.00pct
quiczigperf	upload	syscall	loopback	publication	1	cc=cubic|bbr=unsupported|packet_api=quic-zig-connection|cpp_networkhub=on|udp_gso=common_cpp|udp_gro=on|runtime=none|pmtud=off|pacing=library_default|send_backpressure=stream_window|flow_window=profile_request|server_send_rr=on	cubic	converged	throughput_gbps	1	1	2	9.731355		9.731355	9.618550	9.734734	0.011939	8.846766	8.733273	insufficient_order_stat_support	1.000000	1.000000	ok	incremental_improvement_-22.66pct_le_1.00pct
quinnperf	connect	iouring	loopback	publication	1	cc=cubic|sans_io=quinn-proto|cpp_networkhub=on|udp_gso=common_cpp|udp_gro=on|runtime=none	cubic	converged	connections_per_second	12	12	13	7073.630181		7073.630181	7073.630181	7419.927358	0.048956	6761.137248	6119.881309	insufficient_order_stat_support	1.000000	1.000000	ok	incremental_improvement_-0.07pct_le_1.00pct
quinnperf	connect	syscall	loopback	publication	1	cc=cubic|sans_io=quinn-proto|cpp_networkhub=on|udp_gso=common_cpp|udp_gro=on|runtime=none	cubic	converged	connections_per_second	4	4	5	2977.028027		2977.028027	2971.376130	2977.028027	0.001899	2590.538164	1447.519297	insufficient_order_stat_support	1.000000	1.000000	ok	incremental_improvement_-0.88pct_le_1.00pct
quinnperf	download	iouring	loopback	publication	1	cc=cubic|sans_io=quinn-proto|cpp_networkhub=on|udp_gso=common_cpp|udp_gro=on|runtime=none	cubic	converged	throughput_gbps	2	2	3	6.529227		6.529227	6.271223	6.529227	0.039515	5.702208	5.625244	insufficient_order_stat_support	1.000000	1.000000	ok	incremental_improvement_-7.61pct_le_1.00pct
quinnperf	download	syscall	loopback	publication	1	cc=cubic|sans_io=quinn-proto|cpp_networkhub=on|udp_gso=common_cpp|udp_gro=on|runtime=none	cubic	converged	throughput_gbps	2	2	3	6.224194		6.224194	5.747493	6.424625	0.108790	5.615062	5.526392	insufficient_order_stat_support	1.000000	1.000000	ok	incremental_improvement_-3.29pct_le_1.00pct
quinnperf	upload	iouring	loopback	publication	1	cc=cubic|sans_io=quinn-proto|cpp_networkhub=on|udp_gso=common_cpp|udp_gro=on|runtime=none	cubic	converged	throughput_gbps	1	1	2	4.076769		4.076769	4.019189	4.120703	0.024901	3.959388	3.900713	insufficient_order_stat_support	1.000000	1.000000	ok	incremental_improvement_-9.95pct_le_1.00pct
quinnperf	upload	syscall	loopback	publication	1	cc=cubic|sans_io=quinn-proto|cpp_networkhub=on|udp_gso=common_cpp|udp_gro=on|runtime=none	cubic	converged	throughput_gbps	1	1	2	3.432046		3.432046	3.422338	3.439628	0.005038	3.390985	3.366205	insufficient_order_stat_support	1.000000	1.000000	ok	incremental_improvement_-8.16pct_le_1.00pct
s2nperf	connect	iouring	loopback	publication	1	cc=cubic|manual_endpoint=s2n-quic|cpp_networkhub=on|udp_gso=common_cpp|udp_gro=on|runtime=none	cubic	converged	connections_per_second	15	15	15	6195.650051		6195.650051	6139.460962	6293.558491	0.024872	5816.077475	5596.263150	insufficient_order_stat_support	1.000000	1.000000	ok	incremental_improvement_0.20pct_le_1.00pct
s2nperf	connect	syscall	loopback	publication	1	cc=cubic|manual_endpoint=s2n-quic|cpp_networkhub=on|udp_gso=common_cpp|udp_gro=on|runtime=none	cubic	converged	connections_per_second	7	7	8	2886.603950		2886.603950	2809.235140	2992.851448	0.063610	2740.658424	2581.352487	insufficient_order_stat_support	1.000000	1.000000	ok	incremental_improvement_-4.90pct_le_1.00pct
s2nperf	download	iouring	loopback	publication	1	cc=cubic|manual_endpoint=s2n-quic|cpp_networkhub=on|udp_gso=common_cpp|udp_gro=on|runtime=none	cubic	converged	throughput_gbps	5	5	6	5.523494		5.523494	5.489670	5.544154	0.009864	4.368441	3.022639	insufficient_order_stat_support	1.000000	1.000000	ok	incremental_improvement_-6.96pct_le_1.00pct
s2nperf	download	syscall	loopback	publication	1	cc=cubic|manual_endpoint=s2n-quic|cpp_networkhub=on|udp_gso=common_cpp|udp_gro=on|runtime=none	cubic	converged	throughput_gbps	4	4	5	5.518411		5.518411	5.497720	5.548958	0.009285	4.405634	3.861799	insufficient_order_stat_support	1.000000	1.000000	ok	incremental_improvement_-13.90pct_le_1.00pct
s2nperf	upload	iouring	loopback	publication	1	cc=cubic|manual_endpoint=s2n-quic|cpp_networkhub=on|udp_gso=common_cpp|udp_gro=on|runtime=none	cubic	converged	throughput_gbps	3	3	3	5.487446		5.487446	5.384495	5.696914	0.056933	4.993486	4.615760	insufficient_order_stat_support	1.000000	1.000000	ok	incremental_improvement_0.72pct_le_1.00pct
s2nperf	upload	syscall	loopback	publication	1	cc=cubic|manual_endpoint=s2n-quic|cpp_networkhub=on|udp_gso=common_cpp|udp_gro=on|runtime=none	cubic	converged	throughput_gbps	3	3	4	6.079570		6.079570	6.033590	6.091088	0.009458	5.745613	5.470623	insufficient_order_stat_support	1.000000	1.000000	ok	incremental_improvement_-2.82pct_le_1.00pct
tquicperf	connect	iouring	loopback	publication	1	cc=cubic|pacing=on|pmtud=off|send_batch=150|max_conns=server_connections|tls_sigalgs=explicit|udp_gso=common_cpp|udp_gro=on	cubic	converged	connections_per_second	10	10	10	6674.308505		6674.308505	6590.146249	6753.052959	0.024408	6345.356825	6240.194220	insufficient_order_stat_support	1.000000	1.000000	ok	incremental_improvement_0.99pct_le_1.00pct
tquicperf	connect	syscall	loopback	publication	1	cc=cubic|pacing=on|pmtud=off|send_batch=150|max_conns=server_connections|tls_sigalgs=explicit|udp_gso=common_cpp|udp_gro=on	cubic	converged	connections_per_second	7	7	7	2646.837820		2646.837820	2636.553978	2663.637786	0.010233	2523.309370	2310.023646	insufficient_order_stat_support	1.000000	1.000000	ok	incremental_improvement_0.71pct_le_1.00pct
tquicperf	download	iouring	loopback	publication	1	cc=cubic|pacing=on|pmtud=off|send_batch=150|max_conns=server_connections|tls_sigalgs=explicit|udp_gso=common_cpp|udp_gro=on	cubic	converged	throughput_gbps	3	3	3	6.551388		6.551388	6.480370	6.652753	0.026313	6.446855	6.359234	insufficient_order_stat_support	1.000000	1.000000	ok	incremental_improvement_0.96pct_le_1.00pct
tquicperf	download	syscall	loopback	publication	1	cc=cubic|pacing=on|pmtud=off|send_batch=150|max_conns=server_connections|tls_sigalgs=explicit|udp_gso=common_cpp|udp_gro=on	cubic	converged	throughput_gbps	2	2	3	7.241804		7.241804	7.171965	7.264731	0.012810	6.956152	6.552967	insufficient_order_stat_support	1.000000	1.000000	ok	incremental_improvement_-1.84pct_le_1.00pct
tquicperf	upload	iouring	loopback	publication	1	cc=cubic|pacing=on|pmtud=off|send_batch=150|max_conns=server_connections|tls_sigalgs=explicit|udp_gso=common_cpp|udp_gro=on	cubic	converged	throughput_gbps	4	4	5	10.150848		10.150848	10.023713	10.309630	0.028167	9.629728	9.323948	insufficient_order_stat_support	1.000000	1.000000	ok	incremental_improvement_-1.11pct_le_1.00pct
tquicperf	upload	syscall	loopback	publication	1	cc=cubic|pacing=on|pmtud=off|send_batch=150|max_conns=server_connections|tls_sigalgs=explicit|udp_gso=common_cpp|udp_gro=on	cubic	converged	throughput_gbps	4	4	4	10.669241		10.669241	10.439692	10.831591	0.036732	9.919092	9.258208	insufficient_order_stat_support	1.000000	1.000000	ok	incremental_improvement_0.66pct_le_1.00pct
xquicperf	connect	iouring	loopback	publication	1	cc=cubic|pacing=on|sendmmsg=on|cid_len=12|qlog=off|tls_sigalgs=ssl_ctx_wrap|tls_verify=config_chain_preflight|udp_gso=common_cpp|udp_gro=on	cubic	converged	connections_per_second	16	16	16	8610.124587		8610.124587	8364.502587	9469.941920	0.128388	8184.926604	8121.838453	insufficient_order_stat_support	1.000000	1.000000	ok	incremental_improvement_0.40pct_le_1.00pct
xquicperf	connect	syscall	loopback	publication	1	cc=cubic|pacing=on|sendmmsg=on|cid_len=12|qlog=off|tls_sigalgs=ssl_ctx_wrap|tls_verify=config_chain_preflight|udp_gso=common_cpp|udp_gro=on	cubic	converged	connections_per_second	7	7	7	3703.365929		3703.365929	3641.440038	3719.038805	0.020954	3365.243747	3249.520124	insufficient_order_stat_support	1.000000	1.000000	ok	incremental_improvement_0.50pct_le_1.00pct
xquicperf	download	iouring	loopback	publication	1	cc=cubic|pacing=on|sendmmsg=on|cid_len=12|qlog=off|tls_sigalgs=ssl_ctx_wrap|tls_verify=config_chain_preflight|udp_gso=common_cpp|udp_gro=on	cubic	not_ready	throughput_gbps	3	3		3.454895		3.454895	3.437125	3.484349	0.013669	3.127760	2.462123	insufficient_order_stat_support	1.000000	1.000000	edge	no_incremental_plateau
xquicperf	download	syscall	loopback	publication	1	cc=cubic|pacing=on|sendmmsg=on|cid_len=12|qlog=off|tls_sigalgs=ssl_ctx_wrap|tls_verify=config_chain_preflight|udp_gso=common_cpp|udp_gro=on	cubic	not_ready	throughput_gbps	3	3		4.385594		4.385594	4.150855	4.472287	0.073293	3.390556	3.172563	insufficient_order_stat_support	1.000000	1.000000	edge	no_incremental_plateau
xquicperf	upload	iouring	loopback	publication	1	cc=cubic|pacing=on|sendmmsg=on|cid_len=12|qlog=off|tls_sigalgs=ssl_ctx_wrap|tls_verify=config_chain_preflight|udp_gso=common_cpp|udp_gro=on	cubic	converged	throughput_gbps	1	1	2	1.759167		1.759167	1.742587	1.776719	0.019402	1.217722	1.109588	insufficient_order_stat_support	1.000000	1.000000	ok	incremental_improvement_-15.17pct_le_1.00pct
xquicperf	upload	syscall	loopback	publication	1	cc=cubic|pacing=on|sendmmsg=on|cid_len=12|qlog=off|tls_sigalgs=ssl_ctx_wrap|tls_verify=config_chain_preflight|udp_gso=common_cpp|udp_gro=on	cubic	converged	throughput_gbps	3	3	3	3.148530		3.148530	3.121272	3.194572	0.023281	2.997183	2.859621	insufficient_order_stat_support	1.000000	1.000000	ok	incremental_improvement_0.66pct_le_1.00pct
